experiment_index,kind,time_us,signal,reference,synthetic_measurement,wilson_low95,wilson_high95
0,relaxation,0.0,1.0,1.0,1.0,0.9925530242771171,0.9999999999999999
0,relaxation,0.5,0.991701292638876,0.991701292638876,0.99609375,0.985870592855346,0.9989281109196064
0,relaxation,1.0,0.9834714538216175,0.9834714538216175,0.974609375,0.9570473392668004,0.9851026017462445
0,relaxation,1.5,0.9753099120283326,0.9753099120283326,0.962890625,0.9427707550251679,0.976116224481382
0,relaxation,2.0,0.9672161004820059,0.9672161004820059,0.955078125,0.9334960572612445,0.9698822812409755
0,relaxation,2.5,0.9591894571091382,0.9591894571091382,0.95703125,0.9358001975831783,0.9714553011701242
0,relaxation,3.0,0.951229424500714,0.951229424500714,0.9609375,0.9404368991207068,0.9745729201347606
0,relaxation,3.5,0.9433354498734922,0.9433354498734922,0.9453125,0.9220969712394934,0.9618955660073142
0,relaxation,4.0,0.9355069850316178,0.9355069850316178,0.939453125,0.915340639807479,0.957020416686081
0,relaxation,4.5,0.927743486328553,0.9277434863285529,0.921875,0.8953621180192555,0.9421044962145622
0,relaxation,5.0,0.9200444146293233,0.9200444146293233,0.923828125,0.8975633728664396,0.9437804016184606
0,relaxation,5.5,0.9124092352730778,0.9124092352730778,0.923828125,0.8975633728664396,0.9437804016184606
0,relaxation,6.0,0.9048374180359595,0.9048374180359595,0.904296875,0.8757213408880494,0.9268508310860258
0,relaxation,6.5,0.8973284370942841,0.8973284370942841,0.923828125,0.8975633728664396,0.9437804016184606
0,relaxation,7.0,0.8898817709880239,0.8898817709880238,0.884765625,0.8541970418460828,0.9096035276171676
0,relaxation,7.5,0.8824969025845955,0.8824969025845955,0.873046875,0.8414051435005794,0.899132464456176
0,relaxation,8.0,0.8751733190429475,0.8751733190429475,0.87890625,0.8477906572251377,0.9043784314848653
0,relaxation,8.5,0.8679105117779464,0.8679105117779464,0.841796875,0.8076567590928229,0.8708462848466129
0,relaxation,9.0,0.8607079764250578,0.8607079764250578,0.859375,0.8265802029933275,0.8868172832058506
0,relaxation,9.5,0.853565212805321,0.853565212805321,0.84765625,0.8139486337000743,0.8761858909926088
0,relaxation,10.0,0.8464817248906141,0.8464817248906141,0.869140625,0.8371591247862454,0.8956241626683451
0,relaxation,10.5,0.8394570207692075,0.8394570207692074,0.83984375,0.8055628302469452,0.869063053441408
0,relaxation,11.0,0.8324906126116027,0.8324906126116027,0.82421875,0.7888685481260529,0.8547400535536402
0,relaxation,11.5,0.8255820166366561,0.8255820166366561,0.84765625,0.8139486337000743,0.8761858909926088
0,relaxation,12.0,0.8187307530779818,0.8187307530779818,0.814453125,0.7784830650129315,0.8457397354113492
0,relaxation,12.5,0.8119363461506349,0.8119363461506349,0.80859375,0.7722684811774388,0.8403228384935945
0,relaxation,13.0,0.8051983240180705,0.8051983240180706,0.79296875,0.755753822741615,0.8258202149207585
0,relaxation,13.5,0.798516218759377,0.7985162187593771,0.806640625,0.7701996390145233,0.8385145204054275
0,relaxation,14.0,0.7918895663367815,0.7918895663367816,0.796875,0.7598748962512072,0.8294534619133311
0,relaxation,14.5,0.7853179065634251,0.7853179065634253,0.771484375,0.7331726774291983,0.8057525974712677
0,relaxation,15.0,0.7788007830714047,0.7788007830714049,0.779296875,0.7413678902658999,0.8130660256388961
0,relaxation,15.5,0.7723377432800808,0.772337743280081,0.77734375,0.7393174041291233,0.8112393515245901
0,relaxation,16.0,0.7659283383646485,0.7659283383646487,0.787109375,0.7495813388571546,0.8203612180519713
0,relaxation,16.5,0.7595721232249683,0.7595721232249685,0.763671875,0.7249950433577201,0.798421590538416
0,relaxation,17.0,0.7532686564546567,0.7532686564546568,0.779296875,0.7413678902658999,0.8130660256388961
0,relaxation,17.5,0.7470175003104325,0.7470175003104326,0.732421875,0.6924489815710526,0.7689330883077636
0,relaxation,18.0,0.7408182206817178,0.7408182206817179,0.73046875,0.6904231293083547,0.767081780319379
0,relaxation,18.5,0.7346703870604916,0.7346703870604917,0.72265625,0.6823289804919732,0.7596672881314306
0,relaxation,19.0,0.7285735725113929,0.728573572511393,0.708984375,0.6681989605831526,0.7466571862826736
0,relaxation,19.5,0.7225273536420722,0.7225273536420722,0.7109375,0.6702148838921917,0.7485184232247171
0,relaxation,20.0,0.7165313105737893,0.7165313105737893,0.751953125,0.7127602505721561,0.7873934218174851
0,relaxation,20.5,0.7105850269122547,0.7105850269122547,0.73046875,0.6904231293083547,0.767081780319379
0,relaxation,21.0,0.7046880897187134,0.7046880897187134,0.693359375,0.6521024640647736,0.7317364007923929
0,relaxation,21.5,0.6988400894812683,0.6988400894812683,0.6875,0.6460801256647815,0.7261272584391376
0,relaxation,22.0,0.6930406200864415,0.6930406200864415,0.70703125,0.6661839068195801,0.7447950797951639
0,relaxation,22.5,0.6872892787909722,0.6872892787909722,0.671875,0.6300562921389914,0.7111338099562676
0,relaxation,23.0,0.681585666193848,0.6815856661938479,0.705078125,0.664169717535809,0.7429321088278524
0,relaxation,23.5,0.6759293862085685,0.6759293862085684,0.6953125,0.6541115676165162,0.7336044574917328
0,relaxation,24.0,0.6703200460356393,0.6703200460356393,0.6328125,0.5902137891286587,0.6734331079449505
0,relaxation,24.5,0.6647572561352943,0.6647572561352943,0.642578125,0.6001462477523658,0.6828864505766559
0,relaxation,25.0,0.6592406302004438,0.6592406302004438,0.642578125,0.6001462477523658,0.6828864505766559
0,relaxation,25.5,0.6537697851298473,0.6537697851298473,0.671875,0.6300562921389914,0.7111338099562676
0,relaxation,26.0,0.6483443410015097,0.6483443410015097,0.6484375,0.6061145993456434,0.6885495797366259
0,relaxation,26.5,0.6429639210462974,0.6429639210462974,0.642578125,0.6001462477523658,0.6828864505766559
0,relaxation,27.0,0.6376281516217733,0.6376281516217733,0.61328125,0.5704032420185573,0.654472052544227
0,relaxation,27.5,0.6323366621862498,0.6323366621862497,0.62890625,0.5862459238690599,0.6696466527023844
0,relaxation,28.0,0.6270890852730562,0.6270890852730561,0.634765625,0.5921988135721009,0.6753252437525908
0,relaxation,28.5,0.6218850564650201,0.6218850564650201,0.609375,0.5664496807445284,0.6506712933160911
0,relaxation,29.0,0.6167242143691609,0.6167242143691608,0.59765625,0.5546058102808347,0.6392522022732898
0,relaxation,29.5,0.6116062005915921,0.611606200591592,0.6328125,0.5902137891286587,0.6734331079449505
0,relaxation,30.0,0.6065306597126335,0.6065306597126334,0.58984375,0.5467237689569542,0.6316256025928404
0,relaxation,30.5,0.601497239262129,0.6014972392621288,0.62890625,0.5862459238690599,0.6696466527023844
0,relaxation,31.0,0.5965055896949685,0.5965055896949684,0.572265625,0.5290291853718992,0.614425743918153
0,relaxation,31.5,0.5915553643668152,0.5915553643668151,0.60546875,0.5624989313818705,0.646867722176584
0,relaxation,32.0,0.5866462195100319,0.5866462195100318,0.57421875,0.5309925363309701,0.6163395532101644
0,relaxation,32.5,0.5817778142098085,0.5817778142098083,0.587890625,0.5447549779395322,0.6297172333591798
0,relaxation,33.0,0.5769498103804868,0.5769498103804866,0.552734375,0.5094325879882414,0.5952507387909859
0,relaxation,33.5,0.5721618727420831,0.572161872742083,0.58203125,0.5388527076781803,0.6239880228672842
0,relaxation,34.0,0.5674136687970038,0.5674136687970038,0.5703125,0.5270665087613602,0.6125112602776095
0,relaxation,34.5,0.5627048688069558,0.5627048688069557,0.583984375,0.540819448707552,0.6258984420889949
0,relaxation,35.0,0.5580351457700471,0.5580351457700471,0.583984375,0.540819448707552,0.6258984420889949
0,relaxation,35.5,0.5534041753980792,0.5534041753980793,0.57421875,0.5309925363309701,0.6163395532101644
0,relaxation,36.0,0.5488116360940263,0.5488116360940264,0.52734375,0.4840562798278231,0.5702239636873317
0,relaxation,36.5,0.5442572089297022,0.5442572089297024,0.57421875,0.5309925363309701,0.6163395532101644
0,relaxation,37.0,0.5397405776236125,0.5397405776236126,0.537109375,0.4938032068072846,0.5798628379632826
0,relaxation,37.5,0.5352614285189901,0.5352614285189903,0.546875,0.5035666073562264,0.5894852386697533
0,relaxation,38.0,0.5308194505620137,0.530819450562014,0.53515625,0.491852505783265,0.5779363787362197
0,relaxation,38.5,0.5264143352802069,0.5264143352802071,0.52734375,0.4840562798278231,0.5702239636873317
0,relaxation,39.0,0.5220457767610158,0.522045776761016,0.509765625,0.46655313914706253,0.5528326621083499
0,relaxation,39.5,0.5177134716305655,0.5177134716305657,0.51171875,0.4684953142550904,0.5547676472514046
0,relaxation,40.0,0.5134171190325918,0.513417119032592,0.484375,0.4413643447142569,0.5276183732770832
1,dephasing,0.0,0.9999999999999998,1.0,1.0,0.9851060485542342,0.9999999999999998
1,dephasing,0.5,0.9834714538216173,0.9834714538216175,0.9921875,0.9717411857106919,0.9978562218392129
1,dephasing,1.0,0.9672161004820057,0.9672161004820059,0.94921875,0.9140946785336008,0.9702052034924891
1,dephasing,1.5,0.9512294245007138,0.951229424500714,0.9296875,0.8902318916858767,0.9552963878293883
1,dephasing,2.0,0.9355069850316176,0.9355069850316178,0.91015625,0.866992114522489,0.9397645624819511
1,dephasing,2.5,0.9200444146293231,0.9200444146293233,0.9140625,0.8716003951663567,0.9429106023402485
1,dephasing,3.0,0.9048374180359594,0.9048374180359595,0.921875,0.8808737982414137,0.9491458402695212
1,dephasing,3.5,0.8898817709880237,0.8898817709880238,0.89453125,0.8487240065732422,0.9270153884225381
1,dephasing,4.0,0.8751733190429473,0.8751733190429475,0.8828125,0.8351731770291595,0.9173032564601256
1,dephasing,4.5,0.8607079764250576,0.8607079764250578,0.8515625,0.7995377649385533,0.8909041045334121
1,dephasing,5.0,0.8464817248906138,0.8464817248906141,0.8515625,0.7995377649385533,0.8909041045334121
1,dephasing,5.5,0.8324906126116023,0.8324906126116027,0.85546875,0.8039575955704663,0.8942385944036642
1,dephasing,6.0,0.8187307530779815,0.8187307530779818,0.81640625,0.7601230350898363,0.8605299498626444
1,dephasing,6.5,0.8051983240180702,0.8051983240180706,0.859375,0.8083865593480148,0.8975639511282802
1,dephasing,7.0,0.7918895663367813,0.7918895663367816,0.78515625,0.7255474772245007,0.8330709437106598
1,dephasing,7.5,0.7788007830714045,0.7788007830714049,0.76171875,0.6998474714816463,0.8122450264405243
1,dephasing,8.0,0.7659283383646485,0.7659283383646487,0.7734375,0.712674744828913,0.8226807145997528
1,dephasing,8.5,0.7532686564546566,0.7532686564546568,0.69921875,0.6320987482536546,0.7559246216338766
1,dephasing,9.0,0.7408182206817177,0.7408182206817179,0.73828125,0.6743182495724909,0.7912483253366902
1,dephasing,9.5,0.7285735725113928,0.728573572511393,0.765625,0.704118360932817,0.8157284574915187
1,dephasing,10.0,0.7165313105737892,0.7165313105737893,0.71875,0.6531604059866549,0.7736345664117013
1,dephasing,10.5,0.7046880897187133,0.7046880897187134,0.6875,0.6195047048843914,0.7452557034966447
1,dephasing,11.0,0.6930406200864414,0.6930406200864415,0.734375,0.6700785755578451,0.7877336788491709
1,dephasing,11.5,0.6815856661938478,0.681585666193848,0.671875,0.6027597390540305,0.7309833873183458
1,dephasing,12.0,0.6703200460356391,0.6703200460356393,0.6640625,0.5944065684763387,0.7238279168917079
1,dephasing,12.5,0.6592406302004435,0.6592406302004438,0.63671875,0.5652659926757799,0.6986882491771116
1,dephasing,13.0,0.6483443410015095,0.6483443410015097,0.6640625,0.5944065684763387,0.7238279168917079
1,dephasing,13.5,0.6376281516217731,0.6376281516217733,0.64453125,0.5735771727309185,0.7058857101263032
1,dephasing,14.0,0.6270890852730558,0.6270890852730561,0.6015625,0.5280019143306762,0.6661634430027306
1,dephasing,14.5,0.6167242143691605,0.6167242143691608,0.6171875,0.5445369623548777,0.6806456769871889
1,dephasing,15.0,0.6065306597126332,0.6065306597126334,0.6171875,0.5445369623548777,0.6806456769871889
1,dephasing,15.5,0.5965055896949681,0.5965055896949684,0.63671875,0.5652659926757799,0.6986882491771116
1,dephasing,16.0,0.5866462195100316,0.5866462195100318,0.59375,0.5197497925024144,0.6589069238266623
1,dephasing,16.5,0.5769498103804864,0.5769498103804866,0.6171875,0.5445369623548777,0.6806456769871889
1,dephasing,17.0,0.5674136687970035,0.5674136687970038,0.5390625,0.4622532905919048,0.6078429387068622
1,dephasing,17.5,0.5580351457700469,0.5580351457700471,0.53515625,0.4581634037301068,0.6041785050664952
1,dephasing,18.0,0.5488116360940263,0.5488116360940264,0.5234375,0.4459066198216459,0.5931723274684613
1,dephasing,18.5,0.5397405776236125,0.5397405776236126,0.5,0.42144940372177997,0.5711036205553373
1,dephasing,19.0,0.5308194505620139,0.530819450562014,0.5859375,0.5115076454832299,0.651640429841517
1,dephasing,19.5,0.5220457767610159,0.522045776761016,0.5546875,0.47863480825824656,0.6224787030491803
1,dephasing,20.0,0.5134171190325919,0.513417119032592,0.48828125,0.4092480789386572,0.5600419838319652
1,dephasing,20.5,0.5049310804718897,0.5049310804718897,0.53125,0.4540756752944224,0.6005119130000145
1,dephasing,21.0,0.49658530379140947,0.4965853037914095,0.46484375,0.3848979631421052,0.5378661766155273
1,dephasing,21.5,0.4883774706661871,0.4883774706661871,0.51953125,0.4418252568285632,0.5894993699593789
1,dephasing,22.0,0.48030530108979935,0.4803053010897994,0.515625,0.4377459803282848,0.5858243259574922
1,dephasing,22.5,0.4723665527410147,0.4723665527410147,0.40234375,0.3202878252447674,0.47840718647822533
1,dephasing,23.0,0.46455902036091146,0.4645590203609115,0.421875,0.3404297677843835,0.49703684644943413
1,dephasing,23.5,0.456880535140292,0.45688053514029203,0.421875,0.3404297677843835,0.49703684644943413
1,dephasing,24.0,0.44932896411722156,0.44932896411722156,0.48046875,0.40112368570148416,0.5526577360648082
1,dephasing,24.5,0.4419022095845253,0.4419022095845253,0.44140625,0.3606154557882617,0.5156227609563808
1,dephasing,25.0,0.43459820850707825,0.4345982085070782,0.43359375,0.3525358464612449,0.5081937292790679
1,dephasing,25.5,0.4274149319487267,0.4274149319487267,0.375,0.2921602513295629,0.4522545168782752
1,dephasing,26.0,0.42035038450868195,0.4203503845086819,0.4140625,0.3323678136391601,0.4895901595903278
1,dephasing,26.5,0.41340260376722937,0.4134026037672293,0.4296875,0.3484987198022713,0.5044765354358764
1,dephasing,27.0,0.4065696597405991,0.4065696597405991,0.37890625,0.29617349479938904,0.45599559391061373
1,dephasing,27.5,0.39984965434484737,0.39984965434484737,0.36328125,0.28013031359632623,0.4410214931050167
1,dephasing,28.0,0.3932407208685983,0.39324072086859824,0.421875,0.3404297677843835,0.49703684644943413
1,dephasing,28.5,0.38674102345450123,0.38674102345450123,0.34765625,0.2641129490518275,0.42602157564085563
1,dephasing,29.0,0.38034875658925865,0.38034875658925854,0.43359375,0.3525358464612449,0.5081937292790679
1,dephasing,29.5,0.3740621446020827,0.37406214460208265,0.32421875,0.2401342598273295,0.40347434185236364
1,dephasing,30.0,0.3678794411714424,0.36787944117144233,0.390625,0.30822313523303246,0.4672089149834655
1,dephasing,30.5,0.3617989288399627,0.3617989288399626,0.33984375,0.25611379542872026,0.4185120882596327
1,dephasing,31.0,0.355818918537342,0.355818918537342,0.36328125,0.28013031359632623,0.4410214931050167
1,dephasing,31.5,0.34993774911115544,0.3499377491111553,0.30078125,0.21621109098880642,0.38087158767789675
1,dephasing,32.0,0.3441537868654125,0.34415378686541237,0.359375,0.27612357167380464,0.43727391452537323
1,dephasing,32.5,0.33846542510674227,0.3384654251067422,0.33984375,0.25611379542872026,0.4185120882596327
1,dephasing,33.0,0.3328710836980796,0.33287108369807955,0.37109375,0.2881486454293929,0.4485118022762802
1,dephasing,33.5,0.3273692086197276,0.3273692086197276,0.375,0.2921602513295629,0.4522545168782752
1,dephasing,34.0,0.3219582715376759,0.3219582715376759,0.36328125,0.28013031359632623,0.4410214931050167
1,dephasing,34.5,0.3166367693790532,0.3166367693790533,0.26953125,0.18439762714420183,0.3506504875051817
1,dephasing,35.0,0.3114032239145977,0.3114032239145977,0.3515625,0.26811489695656987,0.4297739482382783
1,dephasing,35.5,0.3062561813480281,0.30625618134802807,0.3046875,0.2201944883611251,0.38464251080774314
1,dephasing,36.0,0.30119421191220214,0.30119421191220214,0.32421875,0.2401342598273295,0.40347434185236364
1,dephasing,36.5,0.29621590947194976,0.29621590947194976,0.30078125,0.21621109098880642,0.38087158767789675
1,dephasing,37.0,0.2913198911334711,0.291319891133471,0.2890625,0.20426990651376542,0.369549810646443
1,dephasing,37.5,0.2865047968601902,0.2865047968601901,0.26171875,0.17645898671963245,0.3430804869254209
1,dephasing,38.0,0.28176928909495846,0.28176928909495835,0.26953125,0.18439762714420183,0.3506504875051817
1,dephasing,38.5,0.2771120523885024,0.27711205238850234,0.22265625,0.1368522178968461,0.3051440507265575
1,dephasing,39.0,0.2725317930340127,0.2725317930340126,0.27734375,0.19234211662916878,0.35821463902454487
1,dephasing,39.5,0.2680272387077727,0.26802723870777256,0.2734375,0.18836913827132884,0.35443329688021974
1,dephasing,40.0,0.2635971381157269,0.26359713811572677,0.24609375,0.16059909964203745,0.3279230919943561
2,rabi,0.0,0.0,,0.0,0.0,0.007446975722882739
2,rabi,0.25,0.006129466388361606,,0.0078125,0.003042201929655798,0.0199134147975569
2,rabi,0.5,0.024256680952794502,,0.017578125,0.009274933048931773,0.033066484933693366
2,rabi,0.75,0.05376084207941574,,0.0703125,0.05121802443585988,0.0958067203259925
2,rabi,1.0,0.09373286322530072,,0.115234375,0.0903964723828324,0.1458029581539172
2,rabi,1.25,0.14300268603245286,,0.13671875,0.10965395861198729,0.16919423468666972
2,rabi,1.5,0.20017304020399526,,0.216796875,0.18328405527165026,0.2545277083213888
2,rabi,1.75,0.26365868978573537,,0.2890625,0.251481576775283,0.3297851161078082
2,rabi,2.0,0.33173007485640577,,0.29296875,0.2552049202048361,0.33381609318042005
2,rabi,2.25,0.40256015704132353,,0.421875,0.3798348559863955,0.4650787339703049
2,rabi,2.5,0.47427320896451536,,0.50390625,0.4607305364538204,0.5470237840483447
2,rabi,2.75,0.5449942531123363,,0.51171875,0.4684953142550904,0.5547676472514046
2,rabi,3.0,0.6128978550726979,,0.630859375,0.5882294933598162,0.6715402434627105
2,rabi,3.25,0.6762550093191866,,0.669921875,0.6280568977143601,0.7092560441298164
2,rabi,3.5,0.7334769213373632,,0.736328125,0.6965035085158032,0.7726328818651779
2,rabi,3.75,0.7831545858225866,,0.7578125,0.7188729901641424,0.7929121629787461
2,rabi,4.0,0.8240931840340716,,0.833984375,0.7992907911560903,0.8637036117790153
2,rabi,4.25,0.8553404706105409,,0.826171875,0.7909499792318174,0.8565357826989582
2,rabi,4.5,0.8762084871046176,,0.859375,0.8265802029933275,0.8868172832058506
2,rabi,4.75,0.8862881215806783,,0.8671875,0.8350392877789226,0.8938668394245854
2,rabi,5.0,0.8854562259131111,,0.884765625,0.8541970418460828,0.9096035276171676
2,rabi,5.25,0.8738751997845353,,0.869140625,0.8371591247862454,0.8956241626683451
2,rabi,5.5,0.8519851476152878,,0.84765625,0.8139486337000743,0.8761858909926088
2,rabi,5.75,0.8204889066244254,,0.828125,0.7930328989697278,0.8583300232121304
2,rabi,6.0,0.7803304259986311,,0.7734375,0.7352198079645158,0.8075826271870328
2,rabi,6.25,0.7326671441265106,,0.740234375,0.7005618428507421,0.7763288680324041
2,rabi,6.5,0.6788371588829486,,0.673828125,0.6320564745259137,0.7130107878204278
2,rabi,6.75,0.6203221114085894,,0.619140625,0.5763388900542706,0.6601678852617613
2,rabi,7.0,0.5587068037433881,,0.513671875,0.47043814338260587,0.5567019783749716
2,rabi,7.25,0.495636642763477,,0.505859375,0.46267075036527133,0.5489607303879761
2,rabi,7.5,0.43277404561327676,,0.4375,0.3951533954746975,0.4807774764906628
2,rabi,7.75,0.37175495447900525,,0.330078125,0.2907439558701836,0.3719431022856398
2,rabi,8.0,0.3141465911671743,,0.2734375,0.23662362608820398,0.31362578478622727
2,rabi,8.25,0.26140753536513583,,0.28515625,0.2477617322820618,0.3257506400988644
2,rabi,8.5,0.21485113625269178,,0.19921875,0.16691827849863472,0.23599904283466194
2,rabi,8.75,0.17561316758548923,,0.162109375,0.1327218181524684,0.19652945841026095
2,rabi,9.0,0.14462451439441876,,0.13671875,0.10965395861198729,0.16919423468666972
2,rabi,9.25,0.12258953849937543,,0.1015625,0.07829375610514352,0.13076555267402867
2,rabi,9.5,0.10997061402935146,,0.091796875,0.06973502506867789,0.11993848245508186
2,rabi,9.75,0.10697915732523369,,0.091796875,0.06973502506867789,0.11993848245508186
2,rabi,10.0,0.11357330245569526,,0.1171875,0.09213577125424062,0.14794081953359148
2,rabi,10.25,0.12946219868706868,,0.103515625,0.08001453353690521,0.13292193549334946
2,rabi,10.5,0.15411673418923616,,0.154296875,0.12559227091966385,0.18815036463873552
2,rabi,10.75,0.18678632547392884,,0.21875,0.1851084396772158,0.25658048416690576
2,rabi,11.0,0.22652125874637666,,0.265625,0.22921654233512775,0.30552422753497355
2,rabi,11.25,0.2721999313512796,,0.255859375,0.2199790080840174,0.2953759605306715
2,rabi,11.5,0.3225602222075353,,0.314453125,0.2757440988618599,0.35592567728530355
2,rabi,11.75,0.3762341224208863,,0.361328125,0.3208926804877276,0.40382894168541567
2,rabi,12.0,0.43178468340945414,,0.4453125,0.4028287556857245,0.48861075728396575
2,rabi,12.25,0.4877442914942376,,0.486328125,0.4432980216250284,0.5295618566173942
2,rabi,12.5,0.5426532559318322,,0.546875,0.5035666073562264,0.5894852386697533
2,rabi,12.75,0.5950977020374022,,0.595703125,0.5526342652845826,0.6373465870184594
2,rabi,13.0,0.6437457919032866,,0.6484375,0.6061145993456434,0.6885495797366259
2,rabi,13.25,0.6873813511277517,,0.66796875,0.6260582877163698,0.7073774938767243
2,rabi,13.5,0.7249340591568252,,0.71875,0.6782873773691931,0.7559545707520456
2,rabi,13.75,0.7555054609539121,,0.76953125,0.7311266452959524,0.8039214693534311
2,rabi,14.0,0.7783901758762705,,0.78515625,0.7475262289010062,0.8185391677570372
2,rabi,14.25,0.7930918125501707,,0.79296875,0.755753822741615,0.8258202149207585
2,rabi,14.5,0.799333242551416,,0.830078125,0.7951173271721453,0.8601227552607954
2,rabi,14.75,0.7970610369257655,,0.783203125,0.7454722916786112,0.8167159447283499
2,rabi,15.0,0.7864440239971563,,0.794921875,0.757813742654326,0.8276374552591298
2,rabi,15.25,0.7678660804509657,,0.765625,0.7270378376472112,0.8002559565000072
2,rabi,15.5,0.7419134163596081,,0.751953125,0.7127602505721561,0.7873934218174851
2,rabi,15.75,0.7093567548301556,,0.70703125,0.6661839068195801,0.7447950797951639
2,rabi,16.0,0.6711289347638906,,0.666015625,0.6240604586756913,0.7054981626663204
2,rabi,16.25,0.6282985776535811,,0.6171875,0.5743596305655564,0.658269984499393
2,rabi,16.5,0.5820405536740052,,0.5625,0.5192225235093373,0.6048466045253025
2,rabi,16.75,0.5336040563188941,,0.53515625,0.491852505783265,0.5779363787362197
2,rabi,17.0,0.48427914683445555,,0.505859375,0.46267075036527133,0.5489607303879761
2,rabi,17.25,0.43536265862123047,,0.4296875,0.38748873972239056,0.47293349123863987
2,rabi,17.5,0.3881243571616542,,0.392578125,0.35123014169846584,0.4355260444919972
2,rabi,17.75,0.3437742330382353,,0.341796875,0.302026904619314,0.3839231150430044
2,rabi,18.0,0.3034317650011108,,0.294921875,0.2570678911721477,0.335830282464191
2,rabi,18.25,0.2680979281671853,,0.25390625,0.21813441226903243,0.29334339609457394
2,rabi,18.5,0.2386306411660067,,0.234375,0.1997440434999927,0.27296216235278875
2,rabi,18.75,0.21572424775083196,,0.21484375,0.18146083224296278,0.25247377109899377
2,rabi,19.0,0.19989351584110734,,0.2421875,0.2070878370212539,0.2811270098358575
2,rabi,19.25,0.1914625132649476,,0.193359375,0.16148547959457243,0.22980036098547674
2,rabi,19.5,0.19055858798792827,,0.16796875,0.13808604155414608,0.20279671576183075
2,rabi,19.75,0.19711154486845742,,0.1953125,0.16329511493256677,0.23186788589856488
2,rabi,20.0,0.21085797455740612,,0.189453125,0.15787017585478835,0.22566134422309586
3,ramsey,0.0,0.9999999999999998,1.0,1.0,0.9851060485542342,0.9999999999999998
3,ramsey,0.5,0.9783460329365614,0.9783460329365617,0.98828125,0.9658324386321118,0.9960106484156279
3,ramsey,1.0,0.9471323449153721,0.9471323449153726,0.92578125,0.8855415100503359,0.952232448962764
3,ramsey,1.5,0.9070779777878488,0.9070779777878489,0.875,0.8262009854719379,0.9107668070130175
3,ramsey,2.0,0.8590175404974248,0.8590175404974251,0.8203125,0.7644730790375331,0.8639342264171121
3,ramsey,2.5,0.803883085443812,0.8038830854438123,0.80859375,0.7514426817760989,0.8537016621720517
3,ramsey,3.0,0.7426846914970495,0.7426846914970499,0.76171875,0.6998474714816463,0.8122450264405243
3,ramsey,3.5,0.6764901874295186,0.6764901874295185,0.671875,0.6027597390540305,0.7309833873183458
3,ramsey,4.0,0.6064044543749971,0.6064044543749972,0.62890625,0.556966130025863,0.6914794708226983
3,ramsey,4.5,0.5335487408925698,0.5335487408925698,0.53515625,0.4581634037301068,0.6041785050664952
3,ramsey,5.0,0.4590404097363473,0.4590404097363472,0.5,0.42144940372177997,0.5711036205553373
3,ramsey,5.5,0.38397351214358544,0.3839735121435854,0.38671875,0.30420492812954714,0.46347280158478577
3,ramsey,6.0,0.30940055417375045,0.30940055417375045,0.265625,0.18042757825731748,0.34686621588990096
3,ramsey,6.5,0.23631578133936806,0.23631578133936812,0.28125,0.19631656730906677,0.3619945088468115
3,ramsey,7.0,0.16564026357769426,0.1656402635776944,0.1484375,0.0619850726619402,0.23267910642032885
3,ramsey,7.5,0.0982090137325732,0.09820901373257333,0.1171875,0.030609097883190106,0.20202051718175928
3,ramsey,8.0,0.03476032042887931,0.03476032042887946,-0.05859375,-0.14430610636113383,0.02799129882865925
3,ramsey,8.5,-0.024072578156283976,-0.024072578156283782,-0.03515625,-0.12113735552110638,0.051348471001621654
3,ramsey,9.0,-0.07776740827208212,-0.07776740827208185,-0.078125,-0.163577276618872,0.00849086657557252
3,ramsey,9.5,-0.12591634560154188,-0.12591634560154152,-0.05859375,-0.14430610636113383,0.02799129882865925
3,ramsey,10.0,-0.16822710746139968,-0.16822710746139938,-0.171875,-0.25561635876525246,-0.08557374333000656
3,ramsey,10.5,-0.20452173834637424,-0.20452173834637383,-0.18359375,-0.2670665712412351,-0.09738649236051888
3,ramsey,11.0,-0.23473322102893934,-0.23473322102893898,-0.296875,-0.3770991594732517,-0.21222919869128665
3,ramsey,11.5,-0.25890008665010716,-0.25890008665010683,-0.24609375,-0.3279230919943561,-0.16059909964203745
3,ramsey,12.0,-0.277159232870131,-0.2771592328701306,-0.2734375,-0.35443329688021974,-0.18836913827132884
3,ramsey,12.5,-0.28973718859426784,-0.2897371885942674,-0.26171875,-0.3430804869254209,-0.17645898671963267
3,ramsey,13.0,-0.29694008662034405,-0.2969400866203437,-0.31640625,-0.39594619076137205,-0.23215376991399117
3,ramsey,13.5,-0.29914262151691784,-0.29914262151691745,-0.31640625,-0.39594619076137205,-0.23215376991399117
3,ramsey,14.0,-0.29677627905044285,-0.2967762790504424,-0.19921875,-0.28231425018194634,-0.1131560954284675
3,ramsey,14.5,-0.2903171256214503,-0.29031712562145,-0.2578125,-0.3392933054047689,-0.17249184773811965
3,ramsey,15.0,-0.28027344168663176,-0.2802734416866315,-0.2890625,-0.369549810646443,-0.20426990651376542
3,ramsey,15.5,-0.2671734724257016,-0.2671734724257015,-0.28125,-0.3619945088468117,-0.19631656730906677
3,ramsey,16.0,-0.2515535524803685,-0.2515535524803684,-0.30859375,-0.38841192302126326,-0.22417939664977005
3,ramsey,16.5,-0.2339468400825098,-0.23394684008250968,-0.25,-0.33171460338516856,-0.16456190875339005
3,ramsey,17.0,-0.2148728700282531,-0.21487287002825312,-0.328125,-0.4072361078055339,-0.24412681437632433
3,ramsey,17.5,-0.19482810554484034,-0.19482810554484037,-0.11328125,-0.19818216907702813,-0.026693125485756197
3,ramsey,18.0,-0.17427763698847398,-0.1742776369884741,-0.1015625,-0.18665913761807307,-0.014953195438216271
3,ramsey,18.5,-0.1536481413816259,-0.15364814138162605,-0.125,-0.20969320905060496,-0.03844504701867435
3,ramsey,19.0,-0.13332218193010517,-0.13332218193010545,-0.109375,-0.19434248862855097,-0.022778485432068507
3,ramsey,19.5,-0.11363389171932148,-0.11363389171932188,-0.10546875,-0.19050147758197167,-0.01886517597648274
3,ramsey,20.0,-0.09486605160428323,-0.09486605160428363,-0.05078125,-0.1365884355775837,0.03578226904943893
3,ramsey,20.5,-0.0772485396519377,-0.07724853965193818,-0.1796875,-0.26325120518568057,-0.09344753791390836
3,ramsey,21.0,-0.06095809906841258,-0.06095809906841313,0.00390625,-0.08241804782714457,0.09017236832930964
3,ramsey,21.5,-0.046119343962492045,-0.04611934396249258,0.078125,-0.008490866575572409,0.16357727661887211
3,ramsey,22.0,-0.03280689807799506,-0.032806898077995715,-0.078125,-0.163577276618872,0.00849086657557252
3,ramsey,22.5,-0.02104854118382884,-0.021048541183829466,0.0,-0.08629586156289726,0.08629586156289726
3,ramsey,23.0,-0.010829221442691224,-0.010829221442691796,-0.04296875,-0.12886551672004765,0.04356799119623278
3,ramsey,23.5,-0.0020957799757652766,-0.0020957799757659393,0.01171875,-0.07465849926945733,0.09792146077595221
3,ramsey,24.0,0.005237773923361992,0.0052377739233614015,0.07421875,-0.012393586385430755,0.15972567592656528
3,ramsey,24.5,0.011284601930966087,0.011284601930965546,0.0546875,-0.03188744034435376,0.1404479273746635
3,ramsey,25.0,0.016179154487769402,0.016179154487768892,-0.03125,-0.11727131057148621,0.05523674655416633
3,ramsey,25.5,0.020071226897648696,0.020071226897648304,-0.015625,-0.10179404621860277,0.07077676420994283
3,ramsey,26.0,0.02312010512082359,0.02312010512082326,0.04296875,-0.04356799119623278,0.12886551672004765
3,ramsey,26.5,0.025488941164468835,0.02548894116446863,0.06640625,-0.020195073832665278,0.1520185223694701
3,ramsey,27.0,0.02733948371147801,0.027339483711477864,0.03125,-0.05523674655416644,0.11727131057148621
3,ramsey,27.5,0.028827273088218017,0.028827273088217916,0.02734375,-0.05912371323478827,0.11340395674994319
3,ramsey,28.0,0.030097391383051324,0.0300973913830514,-0.015625,-0.10179404621860277,0.07077676420994283
3,ramsey,28.5,0.03128083903433894,0.03128083903433906,0.02734375,-0.05912371323478827,0.11340395674994319
3,ramsey,29.0,0.032491589056988165,0.03249158905698836,0.05078125,-0.03578226904943904,0.1365884355775837
3,ramsey,29.5,0.03382434980622465,0.0338243498062249,0.0546875,-0.03188744034435376,0.1404479273746635
3,ramsey,30.0,0.03535304729754351,0.03535304729754388,0.0078125,-0.07853892709235921,0.09404756809668946
3,ramsey,30.5,0.037130019088039805,0.03713001908804019,0.0,-0.08629586156289726,0.08629586156289726
3,ramsey,31.0,0.039185894005565054,0.039185894005565526,0.09375,0.007133214712452762,0.17897047733950666
3,ramsey,31.5,0.04153011596263745,0.041530115962637996,0.01171875,-0.07465849926945733,0.09792146077595221
3,ramsey,32.0,0.044152056024463454,0.044152056024463995,0.1015625,0.014953195438216271,0.1866591376180733
3,ramsey,32.5,0.04702264506116753,0.04702264506116805,-0.0078125,-0.09404756809668924,0.07853892709235932
3,ramsey,33.0,0.050096449880477234,0.05009644988047781,0.08203125,-0.0045868278290603914,0.16742755837452505
3,ramsey,33.5,0.0533141088155028,0.053314108815503386,0.03125,-0.05523674655416644,0.11727131057148621
3,ramsey,34.0,0.056605038370307455,0.05660503837030794,0.0703125,-0.016294988433469992,0.15587275747243945
3,ramsey,34.5,0.05989032067427131,0.059890320674271816,0.0078125,-0.07853892709235921,0.09404756809668946
3,ramsey,35.0,0.06308568207271921,0.06308568207271964,0.08203125,-0.0045868278290603914,0.16742755837452505
3,ramsey,35.5,0.06610447603673154,0.06610447603673189,0.0703125,-0.016294988433469992,0.15587275747243945
3,ramsey,36.0,0.06886058850998264,0.06886058850998296,0.11328125,0.02669312548575631,0.19818216907702801
3,ramsey,36.5,0.07127119058272484,0.07127119058272503,0.12109375,0.03452640443528843,0.20585753113182603
3,ramsey,37.0,0.07325927171638424,0.0732592717163844,0.1171875,0.030609097883190106,0.20202051718175928
3,ramsey,37.5,0.07475589633509325,0.07475589633509327,0.03125,-0.05523674655416644,0.11727131057148621
3,ramsey,38.0,0.07570213713513946,0.07570213713513929,0.1328125,0.04628634811702215,0.21736054895658707
3,ramsey,38.5,0.07605064961493595,0.07605064961493575,0.07421875,-0.012393586385430755,0.15972567592656528
3,ramsey,39.0,0.07576686377357648,0.07576686377357628,0.09765625,0.011042542200951022,0.18281547035317347
3,ramsey,39.5,0.07482978035217044,0.07482978035217022,0.08203125,-0.0045868278290603914,0.16742755837452505
3,ramsey,40.0,0.07323237010339448,0.07323237010339417,0.0703125,-0.016294988433469992,0.15587275747243945
4,echo,0.0,0.9999999999999998,1.0,1.0,0.9851060485542342,0.9999999999999998
4,echo,0.5,0.9834714538216172,0.9834714538216175,0.9921875,0.9717411857106919,0.9978562218392129
4,echo,1.0,0.9672161004820056,0.9672161004820059,0.94921875,0.9140946785336008,0.9702052034924891
4,echo,1.5,0.9512294245007137,0.951229424500714,0.9296875,0.8902318916858767,0.9552963878293883
4,echo,2.0,0.9355069850316251,0.9355069850316178,0.91015625,0.866992114522489,0.9397645624819511
4,echo,2.5,0.9200444146294677,0.9200444146293233,0.9140625,0.8716003951663567,0.9429106023402485
4,echo,3.0,0.904837418037286,0.9048374180359595,0.921875,0.8808737982414137,0.9491458402695212
4,echo,3.5,0.8898817709957835,0.8898817709880238,0.89453125,0.8487240065732422,0.9270153884225381
4,echo,4.0,0.8751733190766078,0.8751733190429475,0.8828125,0.8351731770291595,0.9173032564601256
4,echo,4.5,0.8607079765142365,0.8607079764250578,0.8515625,0.7995377649385533,0.8909041045334121
4,echo,5.0,0.8464817250383542,0.8464817248906141,0.8515625,0.7995377649385533,0.8909041045334121
4,echo,5.5,0.8324906127875772,0.8324906126116027,0.85546875,0.8039575955704663,0.8942385944036642
4,echo,6.0,0.8187307532481318,0.8187307530779818,0.81640625,0.7601230350898363,0.8605299498626444
4,echo,6.5,0.8051983241828512,0.8051983240180706,0.859375,0.8083865593480148,0.8975639511282802
4,echo,7.0,0.7918895664995229,0.7918895663367816,0.78515625,0.7255474772245007,0.8330709437106598
4,echo,7.5,0.7788007832467647,0.7788007830714049,0.76171875,0.6998474714816463,0.8122450264405243
4,echo,8.0,0.7659283385702753,0.7659283383646487,0.7734375,0.712674744828913,0.8226807145997528
4,echo,8.5,0.7532686567113989,0.7532686564546568,0.69921875,0.6320987482536546,0.7559246216338766
4,echo,9.0,0.7408182209937573,0.7408182206817179,0.73828125,0.6743182495724909,0.7912483253366902
4,echo,9.5,0.7285735728577842,0.728573572511393,0.765625,0.704118360932817,0.8157284574915187
4,echo,10.0,0.7165313109671649,0.7165313105737893,0.71875,0.6531604059866549,0.7736345664117013
4,echo,10.5,0.7046880901680974,0.7046880897187134,0.6875,0.6195047048843914,0.7452557034966447
4,echo,11.0,0.6930406205832867,0.6930406200864415,0.734375,0.6700785755578451,0.7877336788491709
4,echo,11.5,0.6815856667721748,0.681585666193848,0.671875,0.6027597390540305,0.7309833873183458
4,echo,12.0,0.6703200466890092,0.6703200460356393,0.6640625,0.5944065684763387,0.7238279168917079
4,echo,12.5,0.6592406309301456,0.6592406302004438,0.63671875,0.5652659926757799,0.6986882491771116
4,echo,13.0,0.6483443417957528,0.6483443410015097,0.6640625,0.5944065684763387,0.7238279168917079
4,echo,13.5,0.6376281524643848,0.6376281516217733,0.64453125,0.5735771727309185,0.7058857101263032
4,echo,14.0,0.6270890861557817,0.6270890852730561,0.6015625,0.5280019143306762,0.6661634430027306
4,echo,14.5,0.6167242152968544,0.6167242143691608,0.6171875,0.5445369623548777,0.6806456769871889
4,echo,15.0,0.6065306606733473,0.6065306597126334,0.6171875,0.5445369623548777,0.6806456769871889
4,echo,15.5,0.5965055906627179,0.5965055896949684,0.63671875,0.5652659926757799,0.6986882491771116
4,echo,16.0,0.5866462204971167,0.5866462195100318,0.59375,0.5197497925024144,0.6589069238266623
4,echo,16.5,0.576949811424103,0.5769498103804866,0.6171875,0.5445369623548777,0.6806456769871889
4,echo,17.0,0.5674136699053186,0.5674136687970038,0.5390625,0.4622532905919048,0.6078429387068622
4,echo,17.5,0.5580351469273382,0.5580351457700471,0.53515625,0.4581634037301068,0.6041785050664952
4,echo,18.0,0.5488116372818203,0.5488116360940264,0.5234375,0.4459066198216459,0.5931723274684613
4,echo,18.5,0.539740578840063,0.5397405776236126,0.5,0.42144940372177997,0.5711036205553373
4,echo,19.0,0.5308194518013624,0.530819450562014,0.5859375,0.5115076454832299,0.651640429841517
4,echo,19.5,0.5220457780123713,0.522045776761016,0.5546875,0.47863480825824656,0.6224787030491803
4,echo,20.0,0.5134171203095772,0.513417119032592,0.48828125,0.4092480789386572,0.5600419838319652
4,echo,20.5,0.5049310817731943,0.5049310804718897,0.53125,0.4540756752944224,0.6005119130000145
4,echo,21.0,0.49658530513638677,0.4965853037914095,0.46484375,0.3848979631421052,0.5378661766155273
4,echo,21.5,0.4883774720426032,0.4883774706661871,0.51953125,0.4418252568285632,0.5894993699593789
4,echo,22.0,0.48030530248551684,0.4803053010897994,0.515625,0.4377459803282848,0.5858243259574922
4,echo,22.5,0.47236655417064827,0.4723665527410147,0.40234375,0.3202878252447674,0.47840718647822533
4,echo,23.0,0.46455902180663816,0.4645590203609115,0.421875,0.3404297677843835,0.49703684644943413
4,echo,23.5,0.45688053661642514,0.45688053514029203,0.421875,0.3404297677843835,0.49703684644943413
4,echo,24.0,0.44932896562629443,0.44932896411722156,0.48046875,0.40112368570148416,0.5526577360648082
4,echo,24.5,0.4419022111265454,0.4419022095845253,0.44140625,0.3606154557882617,0.5156227609563808
4,echo,25.0,0.43459821008743127,0.4345982085070782,0.43359375,0.3525358464612449,0.5081937292790679
4,echo,25.5,0.42741493355957016,0.4274149319487267,0.375,0.2921602513295629,0.4522545168782752
4,echo,26.0,0.4203503861395596,0.4203503845086819,0.4140625,0.3323678136391601,0.4895901595903278
4,echo,26.5,0.4134026054113884,0.4134026037672293,0.4296875,0.3484987198022713,0.5044765354358764
4,echo,27.0,0.4065696613913859,0.4065696597405991,0.37890625,0.29617349479938904,0.45599559391061373
4,echo,27.5,0.39984965598404465,0.39984965434484737,0.36328125,0.28013031359632623,0.4410214931050167
4,echo,28.0,0.39324072250952213,0.39324072086859824,0.421875,0.3404297677843835,0.49703684644943413
4,echo,28.5,0.3867410251189116,0.38674102345450123,0.34765625,0.2641129490518275,0.42602157564085563
4,echo,29.0,0.3803487582783758,0.38034875658925854,0.43359375,0.3525358464612449,0.5081937292790679
4,echo,29.5,0.37406214633247653,0.37406214460208265,0.32421875,0.2401342598273295,0.40347434185236364
4,echo,30.0,0.3678794429497025,0.36787944117144233,0.390625,0.30822313523303246,0.4672089149834655
4,echo,30.5,0.36179893064849045,0.3617989288399626,0.33984375,0.25611379542872026,0.4185120882596327
4,echo,31.0,0.3558189203520833,0.355818918537342,0.36328125,0.28013031359632623,0.4410214931050167
4,echo,31.5,0.3499377509276993,0.3499377491111553,0.30078125,0.21621109098880642,0.38087158767789675
4,echo,32.0,0.34415378867705704,0.34415378686541237,0.359375,0.27612357167380464,0.43727391452537323
4,echo,32.5,0.3384654269041882,0.3384654251067422,0.33984375,0.25611379542872026,0.4185120882596327
4,echo,33.0,0.3328710854925187,0.33287108369807955,0.37109375,0.2881486454293929,0.4485118022762802
4,echo,33.5,0.327369210428739,0.3273692086197276,0.375,0.2921602513295629,0.4522545168782752
4,echo,34.0,0.321958273368689,0.3219582715376759,0.36328125,0.28013031359632623,0.4410214931050167
4,echo,34.5,0.31663677122714623,0.3166367693790533,0.26953125,0.18439762714420183,0.3506504875051817
4,echo,35.0,0.31140322577506846,0.3114032239145977,0.3515625,0.26811489695656987,0.4297739482382783
4,echo,35.5,0.306256183220928,0.30625618134802807,0.3046875,0.2201944883611251,0.38464251080774314
4,echo,36.0,0.3011942137853474,0.30119421191220214,0.32421875,0.2401342598273295,0.40347434185236364
4,echo,36.5,0.29621591134766034,0.29621590947194976,0.30078125,0.21621109098880642,0.38087158767789675
4,echo,37.0,0.2913198930120586,0.291319891133471,0.2890625,0.20426990651376542,0.369549810646443
4,echo,37.5,0.28650479873880524,0.2865047968601901,0.26171875,0.17645898671963245,0.3430804869254209
4,echo,38.0,0.2817692909812084,0.28176928909495835,0.26953125,0.18439762714420183,0.3506504875051817
4,echo,38.5,0.27711205428610547,0.27711205238850234,0.22265625,0.1368522178968461,0.3051440507265575
4,echo,39.0,0.2725317949434274,0.2725317930340126,0.27734375,0.19234211662916878,0.35821463902454487
4,echo,39.5,0.26802724061709304,0.26802723870777256,0.2734375,0.18836913827132884,0.35443329688021974
4,echo,40.0,0.26359714002844664,0.26359713811572677,0.24609375,0.16059909964203745,0.3279230919943561
